date,source,calculated_at,usdt_supply,usdc_supply,usde_supply,tbill_rate_pct,tbill_date,usdt_gross_interest,usdc_reserve_income,usdc_coinbase_share,usdc_circle_retained,usde_reserve_income,usde_ethena_share,usde_passed_to_holders,usde_reserve_income,usde_ethena_share,usde_passed_to_holders,susde_staked,susde_exchange_rate,susde_apy_7d
2025-01-01,backfill,,137747095441,43937243150,5875821896,,,,,,,,,,,,,,,
2025-01-02,backfill,,137562831740,43688575678,5875821896,4.22,2025-01-02,,,,,,,,,,,,,
2025-01-03,backfill,,137562831740,44438565566,5867972469,4.2,2025-01-03,,,,,,,,,,,,,
2025-01-04,backfill,,137568401171,45354600315,5863972873,4.2,2025-01-03,,,,,,,,,,,,,
2025-01-05,backfill,,137563370385,45530602060,5841543857,4.2,2025-01-03,,,,,,,,,,,,,
2025-01-06,backfill,,137563370382,45571803332,5832239680,4.21,2025-01-06,,,,,,,,,,,,,
2025-01-07,backfill,,137886263996,45766768171,5825602299,4.21,2025-01-07,,,,,,,,,,,,,
2025-01-08,backfill,,137723427073,45483765590,5811787768,4.21,2025-01-08,,,,,,,,,,,,,
2025-01-09,backfill,,137943085879,45299722398,5807631706,4.21,2025-01-09,,,,,,,,,,,,,
2025-01-10,backfill,,137788031415,45428928639,5806680258,4.22,2025-01-10,,,,,,,,,,,,,
2025-01-11,backfill,,137784795397,45749299008,5785573971,4.22,2025-01-10,,,,,,,,,,,,,
2025-01-12,backfill,,137748925154,45752842777,5785463969,4.22,2025-01-10,,,,,,,,,,,,,
2025-01-13,backfill,,137791589208,45747612531,5785458962,4.23,2025-01-13,,,,,,,,,,,,,
2025-01-14,backfill,,137582647234,45618418063,5789365254,4.22,2025-01-14,,,,,,,,,,,,,
2025-01-15,backfill,,137582647233,45738260592,5788755523,4.21,2025-01-15,,,,,,,,,,,,,
2025-01-16,backfill,,137792434596,46249378942,5806876259,4.21,2025-01-16,,,,,,,,,,,,,
2025-01-17,backfill,,137802584445,46456612611,5815259453,4.2,2025-01-17,,,,,,,,,,,,,
2025-01-18,backfill,,138609880783,47418782083,5813554615,4.2,2025-01-17,,,,,,,,,,,,,
2025-01-19,backfill,,138687679683,47532720201,5813554615,4.2,2025-01-17,,,,,,,,,,,,,
2025-01-20,backfill,,138700179650,48228754020,5809408653,4.2,2025-01-17,,,,,,,,,,,,,
2025-01-21,backfill,,138761501548,48178477166,5774885749,4.22,2025-01-21,,,,,,,,,,,,,
2025-01-22,backfill,,138851168099,50873887564,5740684265,4.22,2025-01-22,,,,,,,,,,,,,
2025-01-23,backfill,,139155191071,51557366778,5743671999,4.22,2025-01-23,,,,,,,,,,,,,
2025-01-24,backfill,,139236520740,51963749610,5759075046,4.21,2025-01-24,,,,,,,,,,,,,
2025-01-25,backfill,,139787677372,52182714982,5761395087,4.21,2025-01-24,,,,,,,,,,,,,
2025-01-26,backfill,,139786746494,52129911436,5765072126,4.21,2025-01-24,,,,,,,,,,,,,
2025-01-27,backfill,,139791921674,52090923334,5765584448,4.2,2025-01-27,,,,,,,,,,,,,
2025-01-28,backfill,,139914228538,52357894765,5766722127,4.2,2025-01-28,,,,,,,,,,,,,
2025-01-29,backfill,,139925628535,52516661284,5825771049,4.2,2025-01-29,,,,,,,,,,,,,
2025-01-30,backfill,,139982628523,52580071526,5874442285,4.19,2025-01-30,,,,,,,,,,,,,
2025-01-31,backfill,,140004528519,53139562114,5928224958,4.2,2025-01-31,,,,,,,,,,,,,
2025-02-01,backfill,,139981016588,53307616280,6059717923,4.2,2025-01-31,,,,,,,,,,,,,
2025-02-02,backfill,,139981116584,53305126113,6100040548,4.2,2025-01-31,,,,,,,,,,,,,
2025-02-03,backfill,,139976116582,53342579974,6099786294,4.22,2025-02-03,,,,,,,,,,,,,
2025-02-04,backfill,,139934356581,54473269241,6046221871,4.22,2025-02-04,,,,,,,,,,,,,
2025-02-05,backfill,,141281000185,55006342689,6039695538,4.22,2025-02-05,,,,,,,,,,,,,
2025-02-06,backfill,,141868639474,55340707917,6043896074,4.22,2025-02-06,,,,,,,,,,,,,
2025-02-07,backfill,,141827071091,55700438368,6049693044,4.24,2025-02-07,,,,,,,,,,,,,
2025-02-08,backfill,,142126491830,56241432847,6049693044,4.24,2025-02-07,,,,,,,,,,,,,
2025-02-09,backfill,,142199011789,56013396596,6049682760,4.24,2025-02-07,,,,,,,,,,,,,
2025-02-10,backfill,,142191510636,56157297653,6049681564,4.23,2025-02-10,,,,,,,,,,,,,
2025-02-11,backfill,,142341381105,56144945460,6054077117,4.23,2025-02-11,,,,,,,,,,,,,
2025-02-12,backfill,,142266481024,56084052842,6019273970,4.23,2025-02-12,,,,,,,,,,,,,
2025-02-13,backfill,,142417199851,56045541773,6003671238,4.22,2025-02-13,,,,,,,,,,,,,
2025-02-14,backfill,,142225869513,56104910202,5987231037,4.22,2025-02-14,,,,,,,,,,,,,
2025-02-15,backfill,,142413856453,56399848127,5987331037,4.22,2025-02-14,,,,,,,,,,,,,
2025-02-16,backfill,,142412375399,56430534307,5968477840,4.22,2025-02-14,,,,,,,,,,,,,
2025-02-17,backfill,,142412375399,56485382945,5960391346,4.22,2025-02-14,,,,,,,,,,,,,
2025-02-18,backfill,,142249254877,56487109965,6023011916,4.23,2025-02-18,,,,,,,,,,,,,
2025-02-19,backfill,,142082304427,56243872726,6077249723,4.22,2025-02-19,,,,,,,,,,,,,
2025-02-20,backfill,,142682643615,56214009708,6044976758,4.21,2025-02-20,,,,,,,,,,,,,
2025-02-21,backfill,,142843643165,56216426123,6052729986,4.21,2025-02-21,,,,,,,,,,,,,
2025-02-22,backfill,,142951416400,57197162929,5929467203,4.21,2025-02-21,,,,,,,,,,,,,
2025-02-23,backfill,,142951416393,57098172000,5889115078,4.21,2025-02-21,,,,,,,,,,,,,
2025-02-24,backfill,,142874416382,57207742538,5889115078,4.19,2025-02-24,,,,,,,,,,,,,
2025-02-25,backfill,,142812345771,56581207853,5879906698,4.19,2025-02-25,,,,,,,,,,,,,
2025-02-26,backfill,,142538814688,56295739197,5879662160,4.2,2025-02-26,,,,,,,,,,,,,
2025-02-27,backfill,,142421483648,56070800854,5873125792,4.2,2025-02-27,,,,,,,,,,,,,
2025-02-28,backfill,,142614459639,55644719728,5877645158,4.2,2025-02-28,,,,,,,,,,,,,
2025-03-01,backfill,,142639292034,56439118978,5731525650,4.2,2025-02-28,,,,,,,,,,,,,
2025-03-02,backfill,,142747292027,56431084977,5463651055,4.2,2025-02-28,,,,,,,,,,,,,
2025-03-03,backfill,,142807791999,56444913701,5463651055,4.21,2025-03-03,,,,,,,,,,,,,
2025-03-04,backfill,,142880555491,56223346097,5463616548,4.2,2025-03-04,,,,,,,,,,,,,
2025-03-05,backfill,,142867265394,56543003142,5448675283,4.21,2025-03-05,,,,,,,,,,,,,
2025-03-06,backfill,,143090288607,57253427831,5445013355,4.2,2025-03-06,,,,,,,,,,,,,
2025-03-07,backfill,,143171664724,57261905251,5419478740,4.2,2025-03-07,,,,,,,,,,,,,
2025-03-08,backfill,,143230964706,58155297299,5415955258,4.2,2025-03-07,,,,,,,,,,,,,
2025-03-09,backfill,,143280964688,58114363177,5454564631,4.2,2025-03-07,,,,,,,,,,,,,
2025-03-10,backfill,,143280964686,58098036118,5454795947,4.19,2025-03-10,,,,,,,,,,,,,
2025-03-11,backfill,,143336937920,57865312775,5456895167,4.2,2025-03-11,,,,,,,,,,,,,
2025-03-12,backfill,,143558693183,58094447736,5453952524,4.21,2025-03-12,,,,,,,,,,,,,
2025-03-13,backfill,,143747304639,58435054898,5454955621,4.2,2025-03-13,,,,,,,,,,,,,
2025-03-14,backfill,,143748815811,58393894489,5458728341,4.2,2025-03-14,,,,,,,,,,,,,
2025-03-15,backfill,,143836896633,58644981038,5460568001,4.2,2025-03-14,,,,,,,,,,,,,
2025-03-16,backfill,,143836896629,58741712216,5460625584,4.2,2025-03-14,,,,,,,,,,,,,
2025-03-17,backfill,,143836896614,58678410477,5461003657,4.2,2025-03-17,,,,,,,,,,,,,
2025-03-18,backfill,,144087751990,58829451841,5419484046,4.2,2025-03-18,,,,,,,,,,,,,
2025-03-19,backfill,,144100778448,58856306093,5417469774,4.2,2025-03-19,,,,,,,,,,,,,
2025-03-20,backfill,,144275379309,59228005775,5413378097,4.19,2025-03-20,,,,,,,,,,,,,
2025-03-21,backfill,,143936579287,59365980716,5416223443,4.19,2025-03-21,,,,,,,,,,,,,
2025-03-22,backfill,,144193856062,59660481973,5392178264,4.19,2025-03-21,,,,,,,,,,,,,
2025-03-23,backfill,,144224155760,59598492875,5392058962,4.19,2025-03-21,,,,,,,,,,,,,
2025-03-24,backfill,,144224155757,59741013815,5392090253,4.19,2025-03-24,,,,,,,,,,,,,
2025-03-25,backfill,,144459985751,59772731493,5379097729,4.19,2025-03-25,,,,,,,,,,,,,
2025-03-26,backfill,,144698008877,60122188931,5376247113,4.2,2025-03-26,,,,,,,,,,,,,
2025-03-27,backfill,,144876968397,60181897454,5297933204,4.2,2025-03-27,,,,,,,,,,,,,
2025-03-28,backfill,,144894219396,60223295877,5295941587,4.2,2025-03-28,,,,,,,,,,,,,
2025-03-29,backfill,,144508879395,60253064146,5247736468,4.2,2025-03-28,,,,,,,,,,,,,
2025-03-30,backfill,,144508879383,60301592649,5247283786,4.2,2025-03-28,,,,,,,,,,,,,
2025-03-31,backfill,,144649416568,60264872986,5247319854,4.21,2025-03-31,,,,,,,,,,,,,
2025-04-01,backfill,,144734849785,60141755212,5261032713,4.2,2025-04-01,,,,,,,,,,,,,
2025-04-02,backfill,,144756151239,60130023966,5266133185,4.21,2025-04-02,,,,,,,,,,,,,
2025-04-03,backfill,,144814151238,60674263451,5260956464,4.2,2025-04-03,,,,,,,,,,,,,
2025-04-04,backfill,,144783250273,60856319903,5252106029,4.17,2025-04-04,,,,,,,,,,,,,
2025-04-05,backfill,,144778059970,60559404506,5249546274,4.17,2025-04-04,,,,,,,,,,,,,
2025-04-06,backfill,,144769059956,60587997635,5228055644,4.17,2025-04-04,,,,,,,,,,,,,
2025-04-07,backfill,,144569059955,60365664257,5180125412,4.17,2025-04-07,,,,,,,,,,,,,
2025-04-08,backfill,,144888658855,60208660877,5123747303,4.19,2025-04-08,,,,,,,,,,,,,
2025-04-09,backfill,,144700965625,60119574145,5102650879,4.24,2025-04-09,,,,,,,,,,,,,
2025-04-10,backfill,,145054575983,59973924433,5074452017,4.22,2025-04-10,,,,,,,,,,,,,
2025-04-11,backfill,,144851154191,59951281285,5044424743,4.23,2025-04-11,,,,,,,,,,,,,
2025-04-12,backfill,,144957254190,60076679271,5014941115,4.23,2025-04-11,,,,,,,,,,,,,
2025-04-13,backfill,,145195854190,60069768704,5010142813,4.23,2025-04-11,,,,,,,,,,,,,
2025-04-14,backfill,,145000072564,60024999955,4992786499,4.22,2025-04-14,,,,,,,,,,,,,
2025-04-15,backfill,,144988134604,60253477042,4954759777,4.22,2025-04-15,,,,,,,,,,,,,
2025-04-16,backfill,,145230969405,60413403728,4908416324,4.21,2025-04-16,,,,,,,,,,,,,
2025-04-17,backfill,,145411564253,60552429930,4883989613,4.23,2025-04-17,,,,,,,,,,,,,
2025-04-18,backfill,,145403089797,60916066222,4839371866,4.23,2025-04-17,,,,,,,,,,,,,
2025-04-19,backfill,,145035321798,60900318102,4830197622,4.23,2025-04-17,,,,,,,,,,,,,
2025-04-20,backfill,,145216680932,60899206375,4827731390,4.23,2025-04-17,,,,,,,,,,,,,
2025-04-21,backfill,,145204655279,60894831788,4824944019,4.22,2025-04-21,,,,,,,,,,,,,
2025-04-22,backfill,,145254984859,60945423744,4822674834,4.22,2025-04-22,,,,,,,,,,,,,
2025-04-23,backfill,,145771856311,61761862494,4798334803,4.22,2025-04-23,,,,,,,,,,,,,
2025-04-24,backfill,,146144939953,61927441588,4769981124,4.21,2025-04-24,,,,,,,,,,,,,
2025-04-25,backfill,,146580988029,62235315314,4755509000,4.21,2025-04-25,,,,,,,,,,,,,
2025-04-26,backfill,,146823288025,62415525365,4752359949,4.21,2025-04-25,,,,,,,,,,,,,
2025-04-27,backfill,,147695285561,62286522044,4765594547,4.21,2025-04-25,,,,,,,,,,,,,
2025-04-28,backfill,,147890535534,62107481912,4756536714,4.2,2025-04-28,,,,,,,,,,,,,
2025-04-29,backfill,,148611733563,62061041969,4695313331,4.2,2025-04-29,,,,,,,,,,,,,
2025-04-30,backfill,,148905522663,62039097421,4672995835,4.2,2025-04-30,,,,,,,,,,,,,
2025-05-01,backfill,,149333119679,61526472337,4667171989,4.2,2025-05-01,,,,,,,,,,,,,
2025-05-02,backfill,,149440079658,61578347668,4669383636,4.22,2025-05-02,,,,,,,,,,,,,
2025-05-03,backfill,,149711823199,61590877379,4685161771,4.22,2025-05-02,,,,,,,,,,,,,
2025-05-04,backfill,,149981823181,61564127498,4685196741,4.22,2025-05-02,,,,,,,,,,,,,
2025-05-05,backfill,,149987023181,61534505030,4685260290,4.22,2025-05-05,,,,,,,,,,,,,
2025-05-06,backfill,,149826223167,61778127495,4693978002,4.22,2025-05-06,,,,,,,,,,,,,
2025-05-07,backfill,,150106836051,60955931884,4693056646,4.22,2025-05-07,,,,,,,,,,,,,
2025-05-08,backfill,,150181948939,60914641753,4693114828,4.23,2025-05-08,,,,,,,,,,,,,
2025-05-09,backfill,,150350804952,60895892370,4648575189,4.22,2025-05-09,,,,,,,,,,,,,
2025-05-10,backfill,,150393604947,60696326145,4658886242,4.22,2025-05-09,,,,,,,,,,,,,
2025-05-11,backfill,,150514671503,60820431929,4658937431,4.22,2025-05-09,,,,,,,,,,,,,
2025-05-12,backfill,,150615671502,60801635618,4659005676,4.31,2025-05-12,,,,,,,,,,,,,
2025-05-13,backfill,,150663236041,60394565854,4739914276,4.29,2025-05-13,,,,,,,,,,,,,
2025-05-14,backfill,,150926534831,60132774580,4754867947,4.29,2025-05-14,,,,,,,,,,,,,
2025-05-15,backfill,,151333639504,60141238143,4801317772,4.27,2025-05-15,,,,,,,,,,,,,
2025-05-16,backfill,,151745623801,60083061353,4872127057,4.25,2025-05-16,,,,,,,,,,,,,
2025-05-17,backfill,,151802073801,60454761676,4964677474,4.25,2025-05-16,,,,,,,,,,,,,
2025-05-18,backfill,,151901465555,60400485375,4983497919,4.25,2025-05-16,,,,,,,,,,,,,
2025-05-19,backfill,,152051465524,60348769352,4984719776,4.28,2025-05-19,,,,,,,,,,,,,
2025-05-20,backfill,,152286729390,60030391309,4984870629,4.26,2025-05-20,,,,,,,,,,,,,
2025-05-21,backfill,,152473429748,60073124158,5017403815,4.24,2025-05-21,,,,,,,,,,,,,
2025-05-22,backfill,,152809591181,60747877180,5021194565,4.25,2025-05-22,,,,,,,,,,,,,
2025-05-23,backfill,,153131132875,60872525293,5098373161,4.24,2025-05-23,,,,,,,,,,,,,
2025-05-24,backfill,,153333908216,61282666764,5198844973,4.24,2025-05-23,,,,,,,,,,,,,
2025-05-25,backfill,,153364622848,61316726272,5207285094,4.24,2025-05-23,,,,,,,,,,,,,
2025-05-26,backfill,,153364622847,61265406144,5213160272,4.24,2025-05-23,,,,,,,,,,,,,
2025-05-27,backfill,,153336099489,61157993726,5215345036,4.24,2025-05-27,,,,,,,,,,,,,
2025-05-28,backfill,,153545087010,60916601401,5215457720,4.24,2025-05-28,,,,,,,,,,,,,
2025-05-29,backfill,,153590783310,60815590161,5221854760,4.25,2025-05-29,,,,,,,,,,,,,
2025-05-30,backfill,,153692315960,60610949844,5282637411,4.25,2025-05-30,,,,,,,,,,,,,
2025-05-31,backfill,,153658825957,60626705605,5356961145,4.25,2025-05-30,,,,,,,,,,,,,
2025-06-01,backfill,,153723758271,60572085105,5407229518,4.25,2025-05-30,,,,,,,,,,,,,
2025-06-02,backfill,,153763502089,60509667778,5459786906,4.25,2025-06-02,,,,,,,,,,,,,
2025-06-03,backfill,,153918365325,60678592151,5692797710,4.24,2025-06-03,,,,,,,,,,,,,
2025-06-04,backfill,,154288119435,60946475663,5777551348,4.25,2025-06-04,,,,,,,,,,,,,
2025-06-05,backfill,,154488400144,61131468608,5819167804,4.25,2025-06-05,,,,,,,,,,,,,
2025-06-06,backfill,,154606717162,60590144143,5856350427,4.25,2025-06-06,,,,,,,,,,,,,
2025-06-07,backfill,,155115000492,60667869783,5871767063,4.25,2025-06-06,,,,,,,,,,,,,
2025-06-08,backfill,,155407500492,60658782489,5879855854,4.25,2025-06-06,,,,,,,,,,,,,
2025-06-09,backfill,,155407500531,60653704343,5884874869,4.25,2025-06-09,,,,,,,,,,,,,
2025-06-10,backfill,,156015285591,60604413174,5870528754,4.26,2025-06-10,,,,,,,,,,,,,
2025-06-11,backfill,,155670088658,60626528692,5872534040,4.26,2025-06-11,,,,,,,,,,,,,
2025-06-12,backfill,,156031051481,60825163050,5890333314,4.27,2025-06-12,,,,,,,,,,,,,
2025-06-13,backfill,,156034350481,60741300007,5894220701,4.26,2025-06-13,,,,,,,,,,,,,
2025-06-14,backfill,,156311510783,61371511197,5894227485,4.26,2025-06-13,,,,,,,,,,,,,
2025-06-15,backfill,,156288710782,61319855243,5894100386,4.26,2025-06-13,,,,,,,,,,,,,
2025-06-16,backfill,,156262534400,61325008367,5894087523,4.24,2025-06-16,,,,,,,,,,,,,
2025-06-17,backfill,,156350343711,61197763903,5894134001,4.23,2025-06-17,,,,,,,,,,,,,
2025-06-18,backfill,,156397425951,61097319757,5894161172,4.23,2025-06-18,,,,,,,,,,,,,
2025-06-19,backfill,,156493925950,61211469006,5652218968,4.23,2025-06-18,,,,,,,,,,,,,
2025-06-20,backfill,,156674248726,61055394018,5597594554,4.21,2025-06-20,,,,,,,,,,,,,
2025-06-21,backfill,,156688688065,60823311681,5597044794,4.21,2025-06-20,,,,,,,,,,,,,
2025-06-22,backfill,,156600188057,60899502043,5597039752,4.21,2025-06-20,,,,,,,,,,,,,
2025-06-23,backfill,,156750556577,60860420365,5594337274,4.19,2025-06-23,,,,,,,,,,,,,
2025-06-24,backfill,,155908804295,61338513308,5594341566,4.19,2025-06-24,,,,,,,,,,,,,
2025-06-25,backfill,,157394434423,61601316068,5594064109,4.19,2025-06-25,,,,,,,,,,,,,
2025-06-26,backfill,,157917318269,61462201670,5345924145,4.21,2025-06-26,,,,,,,,,,,,,
2025-06-27,backfill,,158266828122,61379856179,5299761088,4.2,2025-06-27,,,,,,,,,,,,,
2025-06-28,backfill,,158303889518,61409457206,5299440175,4.2,2025-06-27,,,,,,,,,,,,,
2025-06-29,backfill,,158444090587,61409457206,5299548093,4.2,2025-06-27,,,,,,,,,,,,,
2025-06-30,backfill,,158520790585,61340894592,5299560564,4.24,2025-06-30,,,,,,,,,,,,,
2025-07-01,backfill,,158754090584,61233561658,5299523073,4.24,2025-07-01,,,,,,,,,,,,,
2025-07-02,backfill,,158695019985,61330570784,5307106312,4.24,2025-07-02,,,,,,,,,,,,,
2025-07-03,backfill,,159155198929,61468509751,5304971345,4.26,2025-07-03,,,,,,,,,,,,,
2025-07-04,backfill,,159305664246,61927821889,5307450321,4.26,2025-07-03,,,,,,,,,,,,,
2025-07-05,backfill,,159478756035,61813045112,5306256041,4.26,2025-07-03,,,,,,,,,,,,,
2025-07-06,backfill,,159478756029,61848765802,5306255605,4.26,2025-07-03,,,,,,,,,,,,,
2025-07-07,backfill,,159463829126,61914514809,5306394202,4.26,2025-07-07,,,,,,,,,,,,,
2025-07-08,backfill,,159520682149,61686814391,5307173279,4.26,2025-07-08,,,,,,,,,,,,,
2025-07-09,backfill,,159455682148,61668157447,5307424836,4.26,2025-07-09,,,,,,,,,,,,,
2025-07-10,backfill,,159695616477,62058362179,5315096507,4.25,2025-07-10,,,,,,,,,,,,,
2025-07-11,backfill,,159994836080,62560460911,5321052201,4.25,2025-07-11,,,,,,,,,,,,,
2025-07-12,backfill,,160150055260,63122747059,5324424744,4.25,2025-07-11,,,,,,,,,,,,,
2025-07-13,backfill,,160394357834,63290662904,5324497745,4.25,2025-07-11,,,,,,,,,,,,,
2025-07-14,backfill,,160394357833,63429308554,5324604236,4.26,2025-07-14,,,,,,,,,,,,,
2025-07-15,backfill,,160545757830,63155113222,5327009503,4.25,2025-07-15,,,,,,,,,,,,,
2025-07-16,backfill,,160669087149,62106490845,5328741792,4.24,2025-07-16,,,,,,,,,,,,,
2025-07-17,backfill,,162039387242,63136403196,5330601544,4.24,2025-07-17,,,,,,,,,,,,,
2025-07-18,backfill,,161470084202,64073956715,5597797480,4.24,2025-07-18,,,,,,,,,,,,,
2025-07-19,backfill,,161983579210,64369490258,5780497050,4.24,2025-07-18,,,,,,,,,,,,,
2025-07-20,backfill,,162359770647,64199001305,5949652026,4.24,2025-07-18,,,,,,,,,,,,,
2025-07-21,backfill,,162531584793,64073586853,6099243720,4.24,2025-07-21,,,,,,,,,,,,,
2025-07-22,backfill,,162855465485,64439196612,6232109261,4.24,2025-07-22,,,,,,,,,,,,,
2025-07-23,backfill,,163023658144,64484839683,6491652336,4.25,2025-07-23,,,,,,,,,,,,,
2025-07-24,backfill,,163208856646,64352254001,6890693715,4.25,2025-07-24,,,,,,,,,,,,,
2025-07-25,backfill,,163910480196,64818032731,6984481626,4.25,2025-07-25,,,,,,,,,,,,,
2025-07-26,backfill,,163908480684,64026821911,7204479247,4.25,2025-07-25,,,,,,,,,,,,,
2025-07-27,backfill,,164437379973,63975475317,7288227076,4.25,2025-07-25,,,,,,,,,,,,,
2025-07-28,backfill,,164437379970,63974615269,7500232732,4.24,2025-07-28,,,,,,,,,,,,,
2025-07-29,backfill,,164259732060,63649526706,7594832375,4.24,2025-07-29,,,,,,,,,,,,,
2025-07-30,backfill,,164371766732,63579399374,7726206295,4.25,2025-07-30,,,,,,,,,,,,,
2025-07-31,backfill,,164580462391,63695606561,8202649077,4.24,2025-07-31,,,,,,,,,,,,,
2025-08-01,backfill,,164686013950,63858929785,8525710267,4.19,2025-08-01,,,,,,,,,,,,,
2025-08-02,backfill,,164764742593,64009861543,8614848913,4.19,2025-08-01,,,,,,,,,,,,,
2025-08-03,backfill,,164758535749,63890957711,8740795269,4.19,2025-08-01,,,,,,,,,,,,,
2025-08-04,backfill,,164734535747,63866936618,9283521924,4.16,2025-08-04,,,,,,,,,,,,,
2025-08-05,backfill,,164723091665,64133803101,9498468564,4.16,2025-08-05,,,,,,,,,,,,,
2025-08-06,backfill,,164748993280,64316656761,9368879924,4.14,2025-08-06,,,,,,,,,,,,,
2025-08-07,backfill,,164521910565,64379034541,9602323052,4.14,2025-08-07,,,,,,,,,,,,,
2025-08-08,backfill,,165186565785,64515908845,9787435330,4.14,2025-08-08,,,,,,,,,,,,,
2025-08-09,backfill,,165053491593,65068392169,9799264422,4.14,2025-08-08,,,,,,,,,,,,,
2025-08-10,backfill,,165260481580,65070089243,10094353406,4.14,2025-08-08,,,,,,,,,,,,,
2025-08-11,backfill,,164561420921,64977770795,10243402582,4.15,2025-08-11,,,,,,,,,,,,,
2025-08-12,backfill,,164867620918,65241866879,10420798164,4.14,2025-08-12,,,,,,,,,,,,,
2025-08-13,backfill,,164578283964,66204397439,10681287332,4.11,2025-08-13,,,,,,,,,,,,,
2025-08-14,backfill,,165087257083,66807090008,10900299533,4.12,2025-08-14,,,,,,,,,,,,,
2025-08-15,backfill,,166150657095,67551596014,10970770584,4.12,2025-08-15,,,,,,,,,,,,,
2025-08-16,backfill,,166328383729,67931397144,11257775673,4.12,2025-08-15,,,,,,,,,,,,,
2025-08-17,backfill,,166328383729,67931397144,11294271922,4.12,2025-08-15,,,,,,,,,,,,,
2025-08-18,backfill,,167006860890,67909546656,11307430859,4.14,2025-08-18,,,,,,,,,,,,,
2025-08-19,backfill,,167167996960,67875713246,11412524877,4.12,2025-08-19,,,,,,,,,,,,,
2025-08-20,backfill,,167271227574,67470520222,11558284775,4.12,2025-08-20,,,,,,,,,,,,,
2025-08-21,backfill,,167271227574,67470520222,11637709645,4.14,2025-08-21,,,,,,,,,,,,,
2025-08-22,backfill,,166921867399,66676060318,11753359434,4.1,2025-08-22,,,,,,,,,,,,,
2025-08-23,backfill,,166921867399,66676060318,11840365950,4.1,2025-08-22,,,,,,,,,,,,,
2025-08-24,backfill,,167101537709,67172441165,12023663131,4.1,2025-08-22,,,,,,,,,,,,,
2025-08-25,backfill,,167221537708,67093456087,12061301191,4.1,2025-08-25,,,,,,,,,,,,,
2025-08-26,backfill,,167238333460,68727991544,12132238666,4.1,2025-08-26,,,,,,,,,,,,,
2025-08-27,backfill,,167217333459,68818681688,12183038128,4.08,2025-08-27,,,,,,,,,,,,,
2025-08-28,backfill,,167383925958,69123274262,12229751595,4.08,2025-08-28,,,,,,,,,,,,,
2025-08-29,backfill,,168429502725,70391528233,12275304446,4.05,2025-08-29,,,,,,,,,,,,,
2025-08-30,backfill,,167600371918,71373163040,12298726153,4.05,2025-08-29,,,,,,,,,,,,,
2025-08-31,backfill,,168005950273,71341964049,12323217712,4.05,2025-08-29,,,,,,,,,,,,,
2025-09-01,backfill,,167960422397,72049974781,12341359823,4.05,2025-08-29,,,,,,,,,,,,,
2025-09-02,backfill,,167981863668,71861411606,12418077131,4.05,2025-09-02,,,,,,,,,,,,,
2025-09-03,backfill,,166871763653,72106640210,12457467569,4.03,2025-09-03,,,,,,,,,,,,,
2025-09-04,backfill,,168285427737,72281330956,12538709275,4.01,2025-09-04,,,,,,,,,,,,,
2025-09-05,backfill,,170586184029,72238076383,12580078240,3.92,2025-09-05,,,,,,,,,,,,,
2025-09-06,backfill,,168825084008,72235878046,12669803388,3.92,2025-09-05,,,,,,,,,,,,,
2025-09-07,backfill,,168825084007,72206302689,12753587387,3.92,2025-09-05,,,,,,,,,,,,,
2025-09-08,backfill,,168825084004,72145141960,12780579503,3.95,2025-09-08,,,,,,,,,,,,,
2025-09-09,backfill,,168877363164,72185877168,12883264914,3.95,2025-09-09,,,,,,,,,,,,,
2025-09-10,backfill,,169048563162,72287339631,13033209333,3.94,2025-09-10,,,,,,,,,,,,,
2025-09-11,backfill,,169411163153,71921402310,13107465473,3.94,2025-09-11,,,,,,,,,,,,,
2025-09-12,backfill,,169513361626,72029014385,13195615678,3.94,2025-09-12,,,,,,,,,,,,,
2025-09-13,backfill,,170102454965,72595950971,13286318587,3.94,2025-09-12,,,,,,,,,,,,,
2025-09-14,backfill,,170364871683,72785742036,13429100540,3.94,2025-09-12,,,,,,,,,,,,,
2025-09-15,backfill,,170178989121,72800537352,13576598176,3.91,2025-09-15,,,,,,,,,,,,,
2025-09-16,backfill,,170624947838,72764259852,13708327197,3.9,2025-09-16,,,,,,,,,,,,,
2025-09-17,backfill,,170903775343,73207475527,13621425283,3.88,2025-09-17,,,,,,,,,,,,,
2025-09-18,backfill,,171220679162,73172467819,13659027312,3.89,2025-09-18,,,,,,,,,,,,,
2025-09-19,backfill,,171395619409,74010712386,13932230836,3.89,2025-09-19,,,,,,,,,,,,,
2025-09-20,backfill,,172019220193,73758281551,14026836645,3.89,2025-09-19,,,,,,,,,,,,,
2025-09-21,backfill,,172279220193,73574557395,14075941583,3.89,2025-09-19,,,,,,,,,,,,,
2025-09-22,backfill,,171971462933,73642796157,14075952012,3.86,2025-09-22,,,,,,,,,,,,,
2025-09-23,backfill,,172687580334,73760589980,14128956265,3.86,2025-09-23,,,,,,,,,,,,,
2025-09-24,backfill,,173008506231,73622311311,14417688994,3.87,2025-09-24,,,,,,,,,,,,,
2025-09-25,backfill,,173336087144,73729893288,14400334241,3.89,2025-09-25,,,,,,,,,,,,,
2025-09-26,backfill,,173404033837,73707162652,14345872029,3.87,2025-09-26,,,,,,,,,,,,,
2025-09-27,backfill,,174168318428,73514538066,14309342634,3.87,2025-09-26,,,,,,,,,,,,,
2025-09-28,backfill,,174376743851,73436316750,14308797572,3.87,2025-09-26,,,,,,,,,,,,,
2025-09-29,backfill,,174335617850,73347331002,14314338622,3.86,2025-09-29,,,,,,,,,,,,,
2025-09-30,backfill,,174592531943,73214277372,14462399820,3.86,2025-09-30,,,,,,,,,,,,,
2025-10-01,backfill,,174875230173,73642961212,14713959486,3.85,2025-10-01,,,,,,,,,,,,,
2025-10-02,backfill,,175465763402,73777519907,14740647607,3.86,2025-10-02,,,,,,,,,,,,,
2025-10-03,backfill,,176151363391,74099214899,14819603394,3.87,2025-10-03,,,,,,,,,,,,,
2025-10-04,backfill,,176615965939,75183499356,14819842076,3.87,2025-10-03,,,,,,,,,,,,,
2025-10-05,backfill,,176994189391,75105831548,14818680989,3.87,2025-10-03,,,,,,,,,,,,,
2025-10-06,backfill,,176876946043,74912337284,14818679829,3.86,2025-10-06,,,,,,,,,,,,,
2025-10-07,backfill,,177383766513,75148679444,14818492611,3.85,2025-10-07,,,,,,,,,,,,,
2025-10-08,backfill,,177877724056,75341515749,14818508900,3.85,2025-10-08,,,,,,,,,,,,,
2025-10-09,backfill,,178046224055,75310826205,14646897605,3.87,2025-10-09,,,,,,,,,,,,,
2025-10-10,backfill,,177415123608,75331286725,14664266147,3.86,2025-10-10,,,,,,,,,,,,,
2025-10-11,backfill,,179046344878,74782003364,14284227606,3.86,2025-10-10,,,,,,,,,,,,,
2025-10-12,backfill,,179864638049,75137167003,12700706819,3.86,2025-10-10,,,,,,,,,,,,,
2025-10-13,backfill,,179989018048,75282039353,12601414355,3.86,2025-10-10,,,,,,,,,,,,,
2025-10-14,backfill,,180122114669,75351059407,12601153851,3.85,2025-10-14,,,,,,,,,,,,,
2025-10-15,backfill,,180573124485,75860518084,12503218096,3.87,2025-10-15,,,,,,,,,,,,,
2025-10-16,backfill,,181293478152,75680208026,12476340922,3.86,2025-10-16,,,,,,,,,,,,,
2025-10-17,backfill,,181413378149,75681558830,12408160828,3.84,2025-10-17,,,,,,,,,,,,,
2025-10-18,backfill,,181627031669,75728951658,12268150565,3.84,2025-10-17,,,,,,,,,,,,,
2025-10-19,backfill,,181833031406,75641628357,12138006616,3.84,2025-10-17,,,,,,,,,,,,,
2025-10-20,backfill,,181834571467,75613370819,12070493262,3.81,2025-10-20,,,,,,,,,,,,,
2025-10-21,backfill,,182026317119,75824634449,11867672823,3.8,2025-10-21,,,,,,,,,,,,,
2025-10-22,backfill,,182533617116,76306245382,11398571644,3.8,2025-10-22,,,,,,,,,,,,,
2025-10-23,backfill,,182467850715,76054020114,11043376429,3.8,2025-10-23,,,,,,,,,,,,,
2025-10-24,backfill,,182725366353,76037162295,10729817023,3.77,2025-10-24,,,,,,,,,,,,,
2025-10-25,backfill,,183034945595,75996678803,10605589034,3.77,2025-10-24,,,,,,,,,,,,,
2025-10-26,backfill,,183030712256,75884447544,10500929438,3.77,2025-10-24,,,,,,,,,,,,,
2025-10-27,backfill,,183132999190,75832109356,10369196386,3.73,2025-10-27,,,,,,,,,,,,,
2025-10-28,backfill,,183191016851,75687574209,10096314422,3.73,2025-10-28,,,,,,,,,,,,,
2025-10-29,backfill,,183418916842,75767724438,9955576649,3.77,2025-10-29,,,,,,,,,,,,,
2025-10-30,backfill,,183364985897,75839252919,9651729961,3.76,2025-10-30,,,,,,,,,,,,,
2025-10-31,backfill,,183363406166,75561827029,9556216545,3.73,2025-10-31,,,,,,,,,,,,,
2025-11-01,backfill,,183417069851,75522646181,9368802049,3.73,2025-10-31,,,,,,,,,,,,,
2025-11-02,backfill,,183477069850,75496535300,9290934577,3.73,2025-10-31,,,,,,,,,,,,,
2025-11-03,backfill,,183567064850,75336932985,9275575879,3.82,2025-11-03,,,,,,,,,,,,,
2025-11-04,backfill,,183562064846,74976036923,9192052837,3.8,2025-11-04,,,,,,,,,,,,,
2025-11-05,backfill,,183334272915,74650691250,9071032028,3.8,2025-11-05,,,,,,,,,,,,,
2025-11-06,backfill,,183524336772,74803089779,8958599168,3.77,2025-11-06,,,,,,,,,,,,,
2025-11-07,backfill,,183421456118,74920844018,8842243322,3.77,2025-11-07,,,,,,,,,,,,,
2025-11-08,backfill,,183636808748,75414201438,8628649132,3.77,2025-11-07,,,,,,,,,,,,,
2025-11-09,backfill,,183443867184,75262040367,8522429985,3.77,2025-11-07,,,,,,,,,,,,,
2025-11-10,backfill,,183443867160,75278195173,8471426005,3.79,2025-11-10,,,,,,,,,,,,,
2025-11-11,backfill,,183471337794,75548040755,8441589644,3.79,2025-11-10,,,,,,,,,,,,,
2025-11-12,backfill,,183558450276,75513232607,8395159280,3.79,2025-11-12,,,,,,,,,,,,,
2025-11-13,backfill,,184167697723,75488730268,8291116002,3.8,2025-11-13,,,,,,,,,,,,,
2025-11-14,backfill,,184038597717,75039053895,8206187427,3.8,2025-11-14,,,,,,,,,,,,,
2025-11-15,backfill,,183997701199,74512961425,8104724274,3.8,2025-11-14,,,,,,,,,,,,,
2025-11-16,backfill,,184021451196,74386582866,8042673115,3.8,2025-11-14,,,,,,,,,,,,,
2025-11-17,backfill,,184013950770,74344757165,7957296543,3.8,2025-11-17,,,,,,,,,,,,,
2025-11-18,backfill,,184004050756,74353102162,7848698651,3.78,2025-11-18,,,,,,,,,,,,,
2025-11-19,backfill,,183859084400,74378487507,7822317722,3.79,2025-11-19,,,,,,,,,,,,,
2025-11-20,backfill,,183868329147,74127103178,7687002978,3.78,2025-11-20,,,,,,,,,,,,,
2025-11-21,backfill,,184757890184,73329673348,7615639291,3.75,2025-11-21,,,,,,,,,,,,,
2025-11-22,backfill,,184556081188,73590490103,7460147121,3.75,2025-11-21,,,,,,,,,,,,,
2025-11-23,backfill,,184563479971,73583121468,7424635365,3.75,2025-11-21,,,,,,,,,,,,,
2025-11-24,backfill,,184373921964,73519809773,7395510427,3.75,2025-11-24,,,,,,,,,,,,,
2025-11-25,backfill,,184520644518,74310233035,7355376001,3.74,2025-11-25,,,,,,,,,,,,,
2025-11-26,backfill,,184507212685,74764041712,7298133427,3.76,2025-11-26,,,,,,,,,,,,,
2025-11-27,backfill,,184539966838,75502521029,7286525131,3.76,2025-11-26,,,,,,,,,,,,,
2025-11-28,backfill,,184540266673,75731063225,7284003723,3.73,2025-11-28,,,,,,,,,,,,,
2025-11-29,backfill,,184590594407,76232241210,7229333286,3.73,2025-11-28,,,,,,,,,,,,,
2025-11-30,backfill,,184578594365,76261384667,7208262762,3.73,2025-11-28,,,,,,,,,,,,,
2025-12-01,backfill,,184578594363,76112349840,7184225195,3.71,2025-12-01,,,,,,,,,,,,,
2025-12-02,backfill,,184559976578,77002074502,7079484106,3.68,2025-12-02,,,,,,,,,,,,,
2025-12-03,backfill,,184661571286,77376936826,7025449254,3.64,2025-12-03,,,,,,,,,,,,,
2025-12-04,backfill,,185275678813,77574727817,6887135680,3.63,2025-12-04,,,,,,,,,,,,,
2025-12-05,backfill,,185489666066,77626613205,6838561334,3.62,2025-12-05,,,,,,,,,,,,,
2025-12-06,backfill,,185671557706,77822254378,6734338080,3.62,2025-12-05,,,,,,,,,,,,,
2025-12-07,backfill,,185605589591,77781643287,6707128443,3.62,2025-12-05,,,,,,,,,,,,,
2025-12-08,backfill,,185620700098,77761395823,6700305753,3.64,2025-12-08,,,,,,,,,,,,,
2025-12-09,backfill,,185694296048,78138457954,6649980248,3.64,2025-12-09,,,,,,,,,,,,,
2025-12-10,backfill,,186165611819,78095651209,6610745118,3.6,2025-12-10,,,,,,,,,,,,,
2025-12-11,backfill,,186085477252,78185014861,6560127726,3.58,2025-12-11,,,,,,,,,,,,,
2025-12-12,backfill,,186124222838,78567461160,6559710037,3.54,2025-12-12,,,,,,,,,,,,,
2025-12-13,backfill,,186227170549,78423998790,6531448007,3.54,2025-12-12,,,,,,,,,,,,,
2025-12-14,backfill,,186224670549,78355359299,6527962443,3.54,2025-12-12,,,,,,,,,,,,,
2025-12-15,backfill,,186224670548,78310744099,6517130120,3.56,2025-12-15,,,,,,,,,,,,,
2025-12-16,backfill,,186314670545,78208036258,6493914355,3.56,2025-12-16,,,,,,,,,,,,,
2025-12-17,backfill,,186299880874,78165831999,6459822848,3.55,2025-12-17,,,,,,,,,,,,,
2025-12-18,backfill,,186293380860,77983298164,6438417366,3.53,2025-12-18,,,,,,,,,,,,,
2025-12-19,backfill,,186248060817,77341285321,6439782554,3.54,2025-12-19,,,,,,,,,,,,,
2025-12-20,backfill,,186367744185,77117379270,6439839903,3.54,2025-12-19,,,,,,,,,,,,,
2025-12-21,backfill,,186797744183,77073197863,6439769140,3.54,2025-12-19,,,,,,,,,,,,,
2025-12-22,backfill,,186797744182,77028439292,6426810474,3.56,2025-12-22,,,,,,,,,,,,,
2025-12-23,backfill,,186880324181,77064482833,6390593539,3.56,2025-12-23,,,,,,,,,,,,,
2025-12-24,backfill,,187100147046,76839734256,6364634880,3.6,2025-12-24,,,,,,,,,,,,,
2025-12-25,backfill,,186863540033,76561361608,6335183998,3.6,2025-12-24,,,,,,,,,,,,,
2025-12-26,backfill,,186861373315,76473668777,6336708849,3.56,2025-12-26,,,,,,,,,,,,,
2025-12-27,backfill,,186852272294,76452764619,6318800608,3.56,2025-12-26,,,,,,,,,,,,,
2025-12-28,backfill,,186800272292,76372786121,6305548753,3.56,2025-12-26,,,,,,,,,,,,,
2025-12-29,backfill,,186800272291,76270278647,6307227557,3.57,2025-12-29,,,,,,,,,,,,,
2025-12-30,backfill,,187303272279,76007865440,6303178844,3.55,2025-12-30,,,,,,,,,,,,,
2025-12-31,backfill,,187311388515,76003970103,6303188836,3.57,2025-12-31,,,,,,,,,,,,,
2026-01-01,backfill,,187261227273,75312364733,6303101070,3.57,2025-12-31,,,,,,,,,,,,,
2026-01-02,backfill,,187074832375,75132503398,6302998310,3.54,2026-01-02,,,,,,,,,,,,,
2026-01-03,backfill,,187214832372,75288915416,6302806574,3.54,2026-01-02,,,,,,,,,,,,,
2026-01-04,backfill,,187083832372,75306641558,6302828545,3.54,2026-01-02,,,,,,,,,,,,,
2026-01-05,backfill,,187083832369,75375012020,6304052955,3.54,2026-01-05,,,,,,,,,,,,,
2026-01-06,backfill,,187293532611,75666723343,6303811275,3.53,2026-01-06,,,,,,,,,,,,,
2026-01-07,backfill,,187067881365,75482167416,6304286304,3.52,2026-01-07,,,,,,,,,,,,,
2026-01-08,backfill,,187068870349,75069992350,6303773508,3.52,2026-01-08,,,,,,,,,,,,,
2026-01-09,backfill,,186177870330,74923084420,6311446143,3.52,2026-01-09,,,,,,,,,,,,,
2026-01-10,backfill,,186939883564,74632467209,6348469181,3.52,2026-01-09,,,,,,,,,,,,,
2026-01-11,backfill,,187045563563,74596182890,6348553868,3.52,2026-01-09,,,,,,,,,,,,,
2026-01-12,backfill,,186939883553,74558603100,6348547809,3.56,2026-01-12,,,,,,,,,,,,,
2026-01-13,backfill,,186906829735,73977140735,6380192493,3.57,2026-01-13,,,,,,,,,,,,,
2026-01-14,backfill,,186821887714,74878925568,6416366205,3.57,2026-01-14,,,,,,,,,,,,,
2026-01-15,backfill,,186790391342,75687822294,6416400172,3.57,2026-01-15,,,,,,,,,,,,,
2026-01-16,backfill,,186679205004,76621049108,6471887710,3.57,2026-01-16,,,,,,,,,,,,,
2026-01-17,backfill,,186660995531,77119711944,6471892735,3.57,2026-01-16,,,,,,,,,,,,,
2026-01-18,backfill,,186660995511,77031538927,6472048977,3.57,2026-01-16,,,,,,,,,,,,,
2026-01-19,backfill,,186964415062,76768398593,6472029176,3.57,2026-01-16,,,,,,,,,,,,,
2026-01-20,backfill,,186972526151,76437212516,6472068366,3.59,2026-01-20,,,,,,,,,,,,,
2026-01-21,backfill,,186985577484,74497118677,6472170982,3.59,2026-01-21,,,,,,,,,,,,,
2026-01-22,backfill,,186886791640,74226424810,6471597060,3.6,2026-01-22,,,,,,,,,,,,,
2026-01-23,backfill,,186891791639,73636751175,6587111731,3.59,2026-01-23,,,,,,,,,,,,,
2026-01-24,backfill,,186870822577,72936917936,6581049996,3.59,2026-01-23,,,,,,,,,,,,,
2026-01-25,backfill,,186870822575,72559398810,6577092213,3.59,2026-01-23,,,,,,,,,,,,,
2026-01-26,backfill,,186855914873,72382705488,6596707570,3.59,2026-01-26,,,,,,,,,,,,,
2026-01-27,backfill,,186508591426,72032645906,6596706037,3.58,2026-01-27,,,,,,,,,,,,,
2026-01-28,backfill,,186398204268,71539998624,6596761910,3.59,2026-01-28,,,,,,,,,,,,,
2026-01-29,backfill,,186303395123,71294078029,6596232496,3.59,2026-01-29,,,,,,,,,,,,,
2026-01-30,backfill,,185817215159,70250401831,6592837907,3.58,2026-01-30,,,,,,,,,,,,,
2026-01-31,backfill,,185577215258,70020388978,6586654585,3.58,2026-01-30,,,,,,,,,,,,,
2026-02-01,backfill,,185342539535,70086068463,6563370107,3.58,2026-01-30,,,,,,,,,,,,,
2026-02-02,backfill,,185398845864,70338001812,6563267151,3.6,2026-02-02,,,,,,,,,,,,,
2026-02-03,backfill,,185300658701,70715185226,6562592469,3.6,2026-02-03,,,,,,,,,,,,,
2026-02-04,backfill,,185161878190,70860356564,6542182226,3.6,2026-02-04,,,,,,,,,,,,,
2026-02-05,backfill,,185685527539,70786876510,6504155900,3.59,2026-02-05,,,,,,,,,,,,,
2026-02-06,backfill,,185261468141,70551319297,6496903091,3.6,2026-02-06,,,,,,,,,,,,,
2026-02-07,backfill,,183583056218,72568034111,6468166720,3.6,2026-02-06,,,,,,,,,,,,,
2026-02-08,backfill,,183456556217,72719099879,6440241276,3.6,2026-02-06,,,,,,,,,,,,,
2026-02-09,backfill,,184542486578,72846879535,6436861258,3.6,2026-02-09,,,,,,,,,,,,,
2026-02-10,backfill,,184487425874,73035841605,6436688922,3.6,2026-02-10,,,,,,,,,,,,,
2026-02-11,backfill,,184363356800,73213052012,6432395388,3.61,2026-02-11,,,,,,,,,,,,,
2026-02-12,backfill,,183990423483,73354762682,6371643822,3.61,2026-02-12,,,,,,,,,,,,,
2026-02-13,backfill,,183916921483,73257305055,6340136119,3.6,2026-02-13,,,,,,,,,,,,,
2026-02-14,backfill,,183786298904,73560911040,6319940177,3.6,2026-02-13,,,,,,,,,,,,,
2026-02-15,backfill,,183781798903,73577053407,6304761811,3.6,2026-02-13,,,,,,,,,,,,,
2026-02-16,backfill,,183747148903,73704128354,6304778697,3.6,2026-02-13,,,,,,,,,,,,,
2026-02-17,backfill,,183721226771,73740960376,6304816960,3.61,2026-02-17,,,,,,,,,,,,,
2026-02-18,backfill,,183710926769,73559763039,6304817021,3.61,2026-02-18,,,,,,,,,,,,,
2026-02-19,backfill,,183711211231,73634544689,6304534475,3.61,2026-02-19,,,,,,,,,,,,,
2026-02-20,backfill,,183708077229,73794951760,6235346418,3.6,2026-02-20,,,,,,,,,,,,,
2026-02-21,backfill,,182601277225,74504560630,6234192303,3.6,2026-02-20,,,,,,,,,,,,,
2026-02-22,backfill,,182621277216,74407823468,6220999045,3.6,2026-02-20,,,,,,,,,,,,,
2026-02-23,backfill,,183593577216,74469491105,6156248297,3.6,2026-02-23,,,,,,,,,,,,,
2026-02-24,backfill,,183600237166,74776633616,6118820839,3.6,2026-02-24,,,,,,,,,,,,,
2026-02-25,backfill,,183623080164,74995415843,6086263936,3.6,2026-02-25,,,,,,,,,,,,,
2026-02-26,backfill,,183657380162,75430875769,6069478662,3.6,2026-02-26,,,,,,,,,,,,,
2026-02-27,backfill,,183449012069,75341602829,6067860206,3.59,2026-02-27,,,,,,,,,,,,,
2026-02-28,backfill,,183566910286,75294578206,6065193419,3.59,2026-02-27,,,,,,,,,,,,,
2026-03-01,backfill,,183481912039,75226382817,6047262776,3.59,2026-02-27,,,,,,,,,,,,,
2026-03-02,backfill,,183603207038,75229952120,6030900790,3.61,2026-03-02,,,,,,,,,,,,,
2026-03-03,backfill,,183647207037,75927178288,6010078382,3.6,2026-03-03,,,,,,,,,,,,,
2026-03-04,backfill,,183682010410,76379844350,5997300549,3.6,2026-03-04,,,,,,,,,,,,,
2026-03-05,backfill,,183867859980,77051592582,5988090730,3.59,2026-03-05,,,,,,,,,,,,,
2026-03-06,backfill,,184001159386,77210083386,5970527088,3.58,2026-03-06,,,,,,,,,,,,,
2026-03-07,backfill,,183939734587,77392088634,5955159757,3.58,2026-03-06,,,,,,,,,,,,,
2026-03-08,backfill,,183939734585,77301689983,5952035281,3.58,2026-03-06,,,,,,,,,,,,,
2026-03-09,backfill,,183878877627,77287342089,5940460296,3.61,2026-03-09,,,,,,,,,,,,,
2026-03-10,backfill,,184094103543,78255879302,5928487339,3.6,2026-03-10,,,,,,,,,,,,,
2026-03-11,backfill,,183859471310,78732373891,5923487339,3.61,2026-03-11,,,,,,,,,,,,,
2026-03-12,backfill,,183929240437,78801464378,5916596181,3.61,2026-03-12,,,,,,,,,,,,,
2026-03-13,backfill,,183959859223,78940784292,5920701542,3.61,2026-03-13,,,,,,,,,,,,,
2026-03-14,backfill,,183981656765,79248572784,5921266759,3.61,2026-03-13,,,,,,,,,,,,,
2026-03-15,backfill,,184001656763,79215217975,5921266702,3.61,2026-03-13,,,,,,,,,,,,,
2026-03-16,backfill,,184001656762,79189828626,5921266702,3.61,2026-03-16,,,,,,,,,,,,,
2026-03-17,backfill,,184040242955,79300344318,5921314342,3.61,2026-03-17,,,,,,,,,,,,,
2026-03-18,backfill,,184061441677,79625059847,5921319339,3.62,2026-03-18,,,,,,,,,,,,,
2026-03-19,backfill,,183294383734,79412405972,5921324363,3.62,2026-03-19,,,,,,,,,,,,,
2026-03-20,backfill,,184152626358,79262014410,5925000377,3.63,2026-03-20,,,,,,,,,,,,,
2026-03-21,backfill,,184151626357,79097935711,5923976970,3.63,2026-03-20,,,,,,,,,,,,,
2026-03-22,backfill,,184200486118,79043679832,5923946233,3.63,2026-03-20,,,,,,,,,,,,,
2026-03-23,backfill,,184154286014,79014808343,5920963826,3.63,2026-03-23,,,,,,,,,,,,,
2026-03-24,backfill,,184152675122,78688051771,5920468870,3.63,2026-03-24,,,,,,,,,,,,,
2026-03-25,backfill,,184197857195,78702027979,5920468867,3.63,2026-03-25,,,,,,,,,,,,,
2026-03-26,backfill,,184185892777,78702307580,5920478902,3.63,2026-03-26,,,,,,,,,,,,,
2026-03-27,backfill,,184184487538,78105931879,5924971838,3.62,2026-03-27,,,,,,,,,,,,,
2026-03-28,backfill,,184166309525,77744257277,5908799512,3.62,2026-03-27,,,,,,,,,,,,,
2026-03-29,backfill,,184166309523,77691200701,5889459333,3.62,2026-03-27,,,,,,,,,,,,,
2026-03-30,backfill,,184166309516,77613255450,5889459322,3.62,2026-03-30,,,,,,,,,,,,,
2026-03-31,backfill,,184191337488,77385924342,5883872296,3.61,2026-03-31,,,,,,,,,,,,,
2026-04-01,backfill,,184192097658,77128465833,5883872297,3.61,2026-04-01,,,,,,,,,,,,,
2026-04-02,backfill,,184132980772,77172711569,5883807840,3.61,2026-04-02,,,,,,,,,,,,,
2026-04-03,backfill,,183931424483,77214991524,5889576862,3.62,2026-04-03,,,,,,,,,,,,,
2026-04-04,backfill,,184133813594,77489380882,5889576862,3.62,2026-04-03,,,,,,,,,,,,,
2026-04-05,backfill,,184120813592,77457133206,5887959654,3.62,2026-04-03,,,,,,,,,,,,,
2026-04-06,backfill,,184120813591,77502952975,5887975509,3.64,2026-04-06,,,,,,,,,,,,,
2026-04-07,backfill,,184075498313,77806327646,5887980505,3.62,2026-04-07,,,,,,,,,,,,,
2026-04-08,backfill,,184587298322,77810765640,5832954741,3.61,2026-04-08,,,,,,,,,,,,,
2026-04-09,backfill,,184080515963,78194175338,5832984506,3.6,2026-04-09,,,,,,,,,,,,,
2026-04-10,backfill,,184119405073,78357752950,5837347577,3.6,2026-04-10,,,,,,,,,,,,,
2026-04-11,backfill,,184252225449,78777246935,5837354211,3.6,2026-04-10,,,,,,,,,,,,,
2026-04-12,backfill,,184342225447,78747362210,5829360378,3.6,2026-04-10,,,,,,,,,,,,,
2026-04-13,backfill,,184405652445,78692174054,5828555621,3.62,2026-04-13,,,,,,,,,,,,,
2026-04-14,backfill,,184717963773,78728827816,5828290530,3.62,2026-04-14,,,,,,,,,,,,,
2026-04-15,backfill,,185446684215,78874522468,5828245139,3.62,2026-04-15,,,,,,,,,,,,,
2026-04-16,backfill,,185453084206,78639229846,5828220361,3.62,2026-04-16,,,,,,,,,,,,,
2026-04-17,backfill,,185778133795,78791772290,5832814788,3.61,2026-04-17,,,,,,,,,,,,,
2026-04-18,backfill,,186581469848,78646776096,5832209593,3.61,2026-04-17,,,,,,,,,,,,,
2026-04-19,backfill,,186841469847,78596559390,5824389159,3.61,2026-04-17,,,,,,,,,,,,,
2026-04-20,backfill,,187191969805,78286249090,5535918804,3.62,2026-04-20,,,,,,,,,,,,,
2026-04-21,backfill,,187885312105,78359313309,5206248112,3.6,2026-04-21,,,,,,,,,,,,,
2026-04-22,backfill,,188752981910,78377024196,4733538052,3.6,2026-04-22,,,,,,,,,,,,,
2026-04-23,backfill,,188775276509,78424230440,4277741622,3.6,2026-04-23,,,,,,,,,,,,,
2026-04-24,backfill,,189634641748,78130445111,3961129719,3.6,2026-04-24,,,,,,,,,,,,,
2026-04-25,backfill,,189637493986,77893928009,3855717416,3.6,2026-04-24,,,,,,,,,,,,,
2026-04-26,backfill,,189763953903,77827971883,3822392441,3.6,2026-04-24,,,,,,,,,,,,,
2026-04-27,backfill,,189733953885,77888719762,3761122923,3.6,2026-04-27,,,,,,,,,,,,,
2026-04-28,backfill,,189702264419,77739956572,3753508214,3.6,2026-04-28,,,,,,,,,,,,,
2026-04-29,backfill,,189662863914,77610904554,3793312528,3.6,2026-04-29,,,,,,,,,,,,,
2026-04-30,backfill,,189569482834,77360195970,3811119975,3.59,2026-04-30,,,,,,,,,,,,,
2026-05-01,backfill,,189543857677,77275650554,3898962098,3.59,2026-05-01,,,,,,,,,,,,,
2026-05-02,backfill,,189557557704,77361967992,3903924469,3.59,2026-05-01,,,,,,,,,,,,,
2026-05-03,backfill,,189557557526,77353205385,3882140698,3.59,2026-05-01,,,,,,,,,,,,,
2026-05-04,backfill,,189557557525,77365561131,3912779988,3.61,2026-05-04,,,,,,,,,,,,,
2026-05-05,backfill,,189543901543,77927977273,3909369678,3.61,2026-05-05,,,,,,,,,,,,,
2026-05-06,backfill,,189543501975,78291368724,3905260896,3.61,2026-05-06,,,,,,,,,,,,,
2026-05-07,backfill,,189620415595,78382045908,3945780199,3.61,2026-05-07,,,,,,,,,,,,,
2026-05-08,backfill,,189684479477,78468387934,3969206768,3.6,2026-05-08,,,,,,,,,,,,,
2026-05-09,backfill,,189660928647,78029221903,3965312996,3.6,2026-05-08,,,,,,,,,,,,,
2026-05-10,backfill,,189660928627,77965736468,3965659578,3.6,2026-05-08,,,,,,,,,,,,,
2026-05-11,backfill,,189660928627,77965736468,3980681580,3.61,2026-05-11,,,,,,,,,,,,,
2026-05-12,backfill,,189799527727,77566151626,3971306528,3.61,2026-05-12,,,,,,,,,,,,,
2026-05-13,backfill,,189785942690,77203347488,3971275660,3.61,2026-05-13,,,,,,,,,,,,,
2026-05-14,backfill,,189826819800,76878764713,4019557279,3.6,2026-05-14,,,,,,,,,,,,,
2026-05-15,backfill,,189827241530,76742348014,4176191492,3.6,2026-05-15,,,,,,,,,,,,,
2026-05-16,backfill,,189793911824,77081393402,4232723281,3.6,2026-05-15,,,,,,,,,,,,,
2026-05-17,backfill,,189778611130,77058251187,4333475085,3.6,2026-05-15,,,,,,,,,,,,,
2026-05-18,backfill,,189785611120,77011638317,4350022736,3.6,2026-05-18,,,,,,,,,,,,,
2026-05-19,backfill,,189825799111,77043325925,4352299953,3.59,2026-05-19,,,,,,,,,,,,,
2026-05-20,backfill,,190433722531,76393906484,4373035843,3.57,2026-05-20,,,,,,,,,,,,,
2026-05-21,backfill,,189811692787,76303288156,4445896759,3.59,2026-05-21,,,,,,,,,,,,,
2026-05-22,backfill,,189822193050,77090457874,4446843641,3.59,2026-05-22,,,,,,,,,,,,,
2026-05-23,backfill,,189689589981,76637508732,4446804086,3.59,2026-05-22,,,,,,,,,,,,,
2026-05-24,backfill,,189690479084,76546057539,4447332619,3.59,2026-05-22,,,,,,,,,,,,,
2026-05-25,backfill,,189602479076,76508588654,4452635899,3.59,2026-05-22,,,,,,,,,,,,,
2026-05-26,backfill,,189603164022,76642526423,4452703287,3.6,2026-05-26,,,,,,,,,,,,,
2026-05-27,backfill,,189551916392,76618013304,4452716988,3.59,2026-05-27,,,,,,,,,,,,,
2026-05-28,backfill,,189403226522,76484214097,4496305352,3.6,2026-05-28,,,,,,,,,,,,,
2026-05-29,backfill,,188928726319,76296656845,4495932414,3.6,2026-05-29,,,,,,,,,,,,,
2026-05-30,backfill,,188445050162,76112551212,4505954379,3.6,2026-05-29,,,,,,,,,,,,,
2026-05-31,backfill,,188445050151,75916857660,4506043471,3.6,2026-05-29,,,,,,,,,,,,,
2026-06-01,backfill,,188208550099,75898768745,4506376942,3.63,2026-06-01,,,,,,,,,,,,,
2026-06-02,backfill,,188213328258,76030858007,4498523538,3.63,2026-06-02,,,,,,,,,,,,,
2026-06-03,backfill,,188073122085,76030849873,4512500139,3.63,2026-06-03,,,,,,,,,,,,,
2026-06-04,backfill,,187494033381,76139139321,4512473065,3.63,2026-06-04,,,,,,,,,,,,,
2026-06-05,backfill,,187198022473,75777945473,4516890642,3.63,2026-06-05,,,,,,,,,,,,,
2026-06-06,backfill,,187293022469,75622610895,4503539338,3.63,2026-06-05,,,,,,,,,,,,,
2026-06-07,backfill,,186928730081,75506165266,4503560130,3.63,2026-06-05,,,,,,,,,,,,,
2026-06-08,backfill,,186928730080,75775091915,4503661495,3.65,2026-06-08,,,,,,,,,,,,,
2026-06-09,backfill,,186923648138,76068885659,4490763670,3.64,2026-06-09,,,,,,,,,,,,,
2026-06-10,backfill,,186919022158,75140122857,4484030078,3.64,2026-06-10,,,,,,,,,,,,,
2026-06-11,backfill,,186901301279,75003922778,4481651053,3.63,2026-06-11,,,,,,,,,,,,,
2026-06-12,backfill,,186874601278,74927024813,4484943015,3.63,2026-06-12,,,,,,,,,,,,,
2026-06-13,backfill,,186554027088,74929049485,4486983149,3.63,2026-06-12,,,,,,,,,,,,,
2026-06-14,backfill,,186545971088,74921868034,4487801066,3.63,2026-06-12,,,,,,,,,,,,,
2026-06-15,backfill,,186518471084,74867993350,4487808063,3.64,2026-06-15,,,,,,,,,,,,,
2026-06-16,backfill,,186490011079,75075476083,4493469266,3.64,2026-06-16,,,,,,,,,,,,,
2026-06-17,backfill,,186583466515,75008754473,4495471375,3.68,2026-06-17,,,,,,,,,,,,,
2026-06-18,backfill,,186553322590,74824037840,4509264610,3.67,2026-06-18,,,,,,,,,,,,,
2026-06-19,backfill,,186440788208,74860897043,4510127149,3.67,2026-06-18,,,,,,,,,,,,,
2026-06-20,backfill,,186406006279,74951105633,4504414951,3.67,2026-06-18,,,,,,,,,,,,,
2026-06-21,backfill,,186406006277,74917759609,4499790369,3.67,2026-06-18,,,,,,,,,,,,,
2026-06-22,backfill,,186406006277,74936058506,4483414544,3.7,2026-06-22,,,,,,,,,,,,,
2026-06-23,backfill,,186304747882,74550072819,4483852747,3.7,2026-06-23,,,,,,,,,,,,,
2026-06-24,backfill,,186305867760,74185498429,4489190963,3.7,2026-06-24,,,,,,,,,,,,,
2026-06-25,backfill,,186326767609,73838400814,4489250719,3.69,2026-06-25,,,,,,,,,,,,,
2026-06-26,backfill,,186327691674,73773176387,4478258489,3.67,2026-06-26,,,,,,,,,,,,,
2026-06-27,backfill,,185162740804,73896519647,4469973377,3.67,2026-06-26,,,,,,,,,,,,,
2026-06-28,backfill,,185162740804,73884653755,4468218691,3.67,2026-06-26,,,,,,,,,,,,,
2026-06-29,backfill,,185142740797,73817794577,4463558389,3.74,2026-06-29,,,,,,,,,,,,,
2026-06-30,backfill,,184960273387,73775508473,4461576396,3.74,2026-06-30,,,,,,,,,,,,,
2026-07-01,backfill,,184637556560,73471642859,4454351508,3.71,2026-07-01,,,,,,,,,,,,,
2026-07-02,backfill,,184630761247,73400134757,4448821901,3.68,2026-07-02,,,,,,,,,,,,,
2026-07-03,backfill,,184259156627,73368628347,4453322652,3.68,2026-07-02,,,,,,,,,,,,,
2026-07-04,backfill,,184252716069,73103725803,4445457359,3.68,2026-07-02,,,,,,,,,,,,,
2026-07-05,backfill,,184253816068,73066241378,4444785403,3.68,2026-07-02,,,,,,,,,,,,,
2026-07-06,backfill,,184303816067,73048217365,4437691427,3.74,2026-07-06,,,,,,,,,,,,,
2026-07-07,backfill,,184334235438,73127249349,4418165942,3.73,2026-07-07,,,,,,,,,,,,,
2026-07-08,backfill,,183120936383,73395532425,4412354878,3.73,2026-07-08,,,,,,,,,,,,,
2026-07-09,backfill,,183409285255,73412395301,4345309582,3.69,2026-07-09,,,,,,,,,,,,,
2026-07-10,backfill,,184276553999,73440620275,4233058724,3.71,2026-07-10,,,,,,,,,,,,,
2026-07-11,backfill,,184279015269,73414108310,4019930131,3.71,2026-07-10,,,,,,,,,,,,,
2026-07-12,backfill,,184279015269,73475033615,3941995226,3.71,2026-07-10,,,,,,,,,,,,,
2026-07-13,backfill,,184270015266,73540725820,3952339420,3.76,2026-07-13,,,,,,,,,,,,,
2026-07-14,backfill,,184360015264,73095920753,3850038045,3.71,2026-07-14,,,,,,,,,,,,,
2026-07-15,backfill,,184321163972,73175307529,4012964438,3.7,2026-07-15,,,,,,,,,,,,,
2026-07-16,backfill,,184203563971,73217500728,4026662546,3.7,2026-07-16,,,,,,,,,,,,,
2026-07-17,backfill,,184174124548,73279825708,4018652375,3.71,2026-07-17,,,,,,,,,,,,,
2026-07-18,backfill,,184192729802,73389413034,4020027476,3.71,2026-07-17,,,,,,,,,,,,,
2026-07-19,backfill,,184192729801,73390197854,4015635131,3.71,2026-07-17,,,,,,,,,,,,,
2026-07-20,backfill,,184192729800,73388153953,4014969993,3.73,2026-07-20,,,,,,,,,,,,,
2026-07-21,backfill,,184188776753,73367572001,4028614237,3.74,2026-07-21,,,,,,,,,,,,,
2026-07-22,backfill,,184268776752,73318948258,4044458975,3.75,2026-07-22,,,,,,,,,,,,,
2026-07-23,backfill,,183200347298,74077432416,4036102691,3.81,2026-07-23,,,,,,,,,,,,,
2026-07-24,backfill,,184126250265,73959248587,3980909896,3.81,2026-07-24,,,,,,,,,,,,,
2026-07-25,backfill,,184451250259,73651288002,3983555892,3.81,2026-07-24,,,,,,,,,,,,,
2026-07-26,backfill,,184451500248,73569632342,3979256736,3.81,2026-07-24,,,,,,,,,,,,,
2026-07-27,backfill,,184096055246,73491915939,3974055295,3.82,2026-07-27,,,,,,,,,,,,,
2026-07-28,backfill,,184110200248,72521892549,3932448748,3.77,2026-07-28,,,,,,,,,,,,,
2026-07-29,backfill,,184024280730,72502108384,3863992252,3.7,2026-07-29,,,,,,,,,,,,,
2026-07-30,backfill,,184085363942,72213419474,3849921846,3.69,2026-07-30,,,,,,,,,,,,,
2026-07-31,backfill,,183453533910,72055427289,3870132808,3.69,2026-07-31,,,,,,,,,,,,,
2026-08-01,backfill,,183516712264,72048270635,3881486255,3.69,2026-07-31,,,,,,,,,,,,,
2026-08-02,backfill,,183410513830,72075054215,3881141890,3.69,2026-07-31,,,,,,,,,,,,,
2026-08-03,backfill,,183389013965,71979940196,3868063672,3.75,2026-08-03,,,,,,,,,,,,,
2026-08-04,backfill,,183213347594,72255574271,3856933333,3.74,2026-08-04,,,,,,,,,,,,,
2026-08-05,backfill,,183223939641,72298390550,3883833738,3.74,2026-08-05,,,,,,,,,,,,,
2026-08-06,backfill,,183523746636,71846102476,3901673389,3.74,2026-08-06,,,,,,,,,,,,,
2026-08-07,backfill,,183475699331,72008852187,3886903535,3.72,2026-08-07,,,,,,,,,,,,,
2026-08-08,backfill,,183215274331,72288929105,3903559517,3.72,2026-08-07,,,,,,,,,,,,,
2026-08-09,backfill,,183215274329,72287963067,3918894266,3.72,2026-08-07,,,,,,,,,,,,,
2026-08-10,backfill,,183215271475,72353218703,3922376488,3.74,2026-08-10,,,,,,,,,,,,,
2026-08-11,backfill,,182132111450,72342478183,3927011664,3.74,2026-08-11,,,,,,,,,,,,,
2026-08-12,backfill,,183147832500,72207760761,3931084664,3.72,2026-08-12,,,,,,,,,,,,,
2026-08-13,backfill,,183147832499,72215654781,3957942254,3.71,2026-08-13,,,,,,,,,,,,,
2026-08-14,backfill,,183125703998,72125254565,3957901944,3.71,2026-08-14,,,,,,,,,,,,,
2026-08-15,backfill,,183207603992,72045975898,3961075141,3.71,2026-08-14,,,,,,,,,,,,,
2026-08-16,backfill,,183124065071,72017026845,3961751541,3.71,2026-08-14,,,,,,,,,,,,,
2026-08-17,backfill,,183124065071,71985815879,3957948388,3.72,2026-08-17,,,,,,,,,,,,,
2026-08-18,backfill,,183097065066,72017951715,3967878574,3.71,2026-08-18,,,,,,,,,,,,,
2026-08-19,backfill,,183056965049,71980780550,4038069560,3.71,2026-08-19,,,,,,,,,,,,,
2026-08-20,backfill,,183069204367,72489599879,4081785403,3.71,2026-08-20,,,,,,,,,,,,,
2026-08-21,backfill,,183074599308,73348692395,4080984969,3.72,2026-08-21,,,,,,,,,,,,,
2026-08-22,backfill,,183174913325,73598295654,4108220248,3.72,2026-08-21,,,,,,,,,,,,,
2026-08-23,backfill,,183226913311,73613915512,4091360806,3.72,2026-08-21,,,,,,,,,,,,,
2026-08-24,backfill,,183226913301,73670382861,4078836967,3.72,2026-08-24,,,,,,,,,,,,,
2026-08-25,backfill,,183132163298,73884875090,4070877074,3.71,2026-08-25,,,,,,,,,,,,,
2026-08-26,backfill,,183190163297,73888074239,4075179331,3.7,2026-08-26,,,,,,,,,,,,,
2026-08-27,backfill,,183332350535,74021589570,4045580213,3.69,2026-08-27,,,,,,,,,,,,,
2026-08-28,backfill,,183320988878,73945073006,4042846468,3.74,2026-08-28,,,,,,,,,,,,,
2026-08-29,backfill,,183380798491,74195874189,4077343947,3.74,2026-08-28,,,,,,,,,,,,,
2026-08-30,backfill,,183380798390,74056759813,4070233413,3.74,2026-08-28,,,,,,,,,,,,,
2026-08-31,backfill,,183495688127,74065359806,4080995866,3.78,2026-08-31,,,,,,,,,,,,,
2026-09-01,backfill,,183348170617,73701904835,4118920226,3.78,2026-09-01,,,,,,,,,,,,,
2026-09-02,backfill,,183348870617,73704079032,4219797186,3.78,2026-09-02,,,,,,,,,,,,,
2026-09-03,backfill,,183353669043,73903607979,4242257147,3.75,2026-09-03,,,,,,,,,,,,,
2026-09-04,backfill,,183349918194,74501454556,4273311582,3.77,2026-09-04,,,,,,,,,,,,,
2026-09-05,backfill,,183361716342,74745667958,4331250321,3.77,2026-09-04,,,,,,,,,,,,,
2026-09-06,backfill,,183380072603,74721149874,4351426627,3.77,2026-09-04,,,,,,,,,,,,,
2026-09-07,backfill,,183380072592,74714297757,4371178227,3.77,2026-09-04,,,,,,,,,,,,,
2026-09-08,backfill,,183407913663,74533399954,4386743479,3.8,2026-09-08,,,,,,,,,,,,,
2026-09-09,backfill,,183429526760,74650368141,4436884968,3.81,2026-09-09,,,,,,,,,,,,,
2026-09-10,backfill,,183430176663,74545695863,4468407129,3.86,2026-09-10,,,,,,,,,,,,,
2026-09-11,backfill,,183517372469,74359078093,4534094995,3.92,2026-09-11,,,,,,,,,,,,,
2026-09-12,backfill,,183486504332,74457408531,4611959360,3.92,2026-09-11,,,,,,,,,,,,,
2026-09-13,backfill,,183538325610,74414605877,4605670200,3.92,2026-09-11,,,,,,,,,,,,,
2026-09-14,backfill,,183400325578,74355234810,4596017768,3.97,2026-09-14,,,,,,,,,,,,,
2026-09-15,backfill,,183400530614,74439658773,4667256525,3.97,2026-09-15,,,,,,,,,,,,,
2026-09-16,backfill,,183411921136,73672687563,4702726424,3.99,2026-09-16,,,,,,,,,,,,,
2026-09-17,backfill,,183388563874,73805502349,4740040781,3.97,2026-09-17,,,,,,,,,,,,,
2026-09-18,backfill,,183381945739,73932115715,4740040781,3.99,2026-09-18,,,,,,,,,,,,,
2026-09-19,backfill,,183353983075,74443468261,4807680038,3.99,2026-09-18,,,,,,,,,,,,,
2026-09-20,backfill,,183353983070,74355437272,4844158828,3.99,2026-09-18,,,,,,,,,,,,,
2026-09-21,backfill,,183353983062,74443917603,4877455426,4.02,2026-09-21,,,,,,,,,,,,,
2026-09-22,backfill,,183533051217,75743989292,4921254656,4.01,2026-09-22,,,,,,,,,,,,,
2026-09-23,backfill,,183439450077,75871266123,4895975916,4.04,2026-09-23,,,,,,,,,,,,,
2026-09-24,backfill,,183512050048,75448715349,4890084282,4.08,2026-09-24,,,,,,,,,,,,,
2026-09-25,backfill,,183748349256,76443822739,4898864964,4.08,2026-09-25,,,,,,,,,,,,,
2026-09-26,backfill,,183788149251,75472771382,4934282600,4.08,2026-09-25,,,,,,,,,,,,,
2026-09-27,backfill,,183788149247,75424524414,4943639696,4.08,2026-09-25,,,,,,,,,,,,,
2026-09-28,backfill,,183788149245,75247177712,4949883098,4.1,2026-09-28,,,,,,,,,,,,,
2026-09-29,backfill,,183843576172,74859243691,4904422618,4.1,2026-09-28,,,,,,,,,,,,,
2026-09-30,daily,2026-09-30T12:52:58.456123+00:00,183770511245.86304,74472554072.68726,4902774852.673571,4.1,2026-09-28,5543270566.225686,2606539392.544054,1139959077.714922,1466580314.829132,56625790.33967588,196966.16666666666,56428824.17300922,56625790.33967588,196966.16666666666,56428824.17300922,1288329319.0184753,1.250679760828124,
2026-10-01,daily,2026-10-01T11:36:33.668058+00:00,183817248432.30252,74186544031.81195,4897724996.732463,4.07,2026-09-29,5544680351.006617,2596529041.1134186,1135581092.4762902,1460947948.6371284,55398932.30366323,196966.16666666666,55201966.13699657,55398932.30366323,196966.16666666666,55201966.13699657,1260318861.5752642,1.2508457813280862,
2026-10-02,daily,2026-10-02T11:05:59.084909+00:00,184127249552.12872,74163292235.15254,4902548077.195212,4.03,2026-09-30,5567660201.139721,2595715228.230339,1135225174.8230672,1460490053.4072719,55001223.14002156,196966.16666666666,54804256.9733549,55001223.14002156,196966.16666666666,54804256.9733549,1251238743.6839018,1.2510145261249772,
2026-10-03,daily,2026-10-03T10:23:57.432555+00:00,184036157468.947,74253774607.28238,4888361092.83143,4,2026-10-01,5576649029.090613,2598882111.2548833,1136610197.8394916,1462271913.4153917,54935179.09013122,196966.16666666666,54738212.92346456,54935179.09013122,196966.16666666666,54738212.92346456,1249730888.6635745,1.2511744915893261,
2026-10-04,daily,2026-10-04T11:06:19.822459+00:00,184035087574.0364,74229248958.36739,4912216311.792462,4,2026-10-01,5588359821.419332,2598023713.5428586,1136234781.198212,1461788932.3446467,54702640.24270954,196966.16666666666,54505674.076042876,54702640.24270954,196966.16666666666,54505674.076042876,1244421782.5580566,1.2513447146382652,
2026-10-05,daily,2026-10-05T12:16:05.947523+00:00,184021623286.1528,74003184297.94365,4905205377.174637,4,2026-10-01,5598753933.289936,2590111450.428028,1132774386.0901155,1457337064.3379126,54515721.055616364,196966.16666666666,54318754.8889497,54515721.055616364,196966.16666666666,54318754.8889497,1240154221.2088974,1.2515186619281882,
2026-10-06,daily,2026-10-06T12:01:14.054828+00:00,184148016623.9643,74272966548.59149,4967188815.031998,4.01,2026-10-02,5613409763.900484,2599553829.2007027,1136903970.8675115,1462649858.3331912,54552380.65575343,196966.16666666666,54355414.48908677,54552380.65575343,196966.16666666666,54355414.48908677,1240991198.3809764,1.2516829768895175,
2026-10-07,daily,2026-10-07T11:46:27.262257+00:00,184291847406.4406,74166782150.63895,4957423312.665583,4.05,2026-10-05,5629083389.886188,2595837375.272363,1135278595.319903,1460558779.9524603,61908498.221368514,196966.16666666666,61711532.05470185,61908498.221368514,196966.16666666666,61711532.05470185,1237252880.4058833,1.2518477790248859,0.04987786493126389
2026-10-09,daily,2026-10-09T11:53:12.793351+00:00,184066174639.3521,73068290665.40845,4801899431.363241,4.05,2026-10-07,5635344970.60473,2557390173.2892957,1118463872.6885448,1438926300.600751,60970874.82514702,196966.16666666666,60773908.65848035,60970874.82514702,196966.16666666666,60773908.65848035,1219147056.3328316,1.2521822088482581,0.04984953073773313
